-- phpMyAdmin SQL Dump
-- version 4.6.4
-- https://www.phpmyadmin.net/
--
-- Host: localhost
-- Generation Time: Jan 17, 2017 at 12:06 PM
-- Server version: 5.7.14
-- PHP Version: 5.6.25

SET SQL_MODE = "NO_AUTO_VALUE_ON_ZERO";
SET time_zone = "+00:00";


/*!40101 SET @OLD_CHARACTER_SET_CLIENT=@@CHARACTER_SET_CLIENT */;
/*!40101 SET @OLD_CHARACTER_SET_RESULTS=@@CHARACTER_SET_RESULTS */;
/*!40101 SET @OLD_COLLATION_CONNECTION=@@COLLATION_CONNECTION */;
/*!40101 SET NAMES utf8mb4 */;

--
-- Database: `myproject`
--

-- --------------------------------------------------------

--
-- Table structure for table `advance_java`
--

CREATE TABLE `advance_java` (
  `question_number` int(11) NOT NULL,
  `text` text NOT NULL,
  `image` blob
) ENGINE=MyISAM DEFAULT CHARSET=latin1;

-- --------------------------------------------------------

--
-- Table structure for table `choices`
--

CREATE TABLE `choices` (
  `id` int(11) NOT NULL,
  `question_number` int(11) NOT NULL,
  `is_correct` tinyint(1) NOT NULL DEFAULT '0',
  `text` text NOT NULL
) ENGINE=MyISAM DEFAULT CHARSET=latin1;

--
-- Dumping data for table `choices`
--

INSERT INTO `choices` (`id`, `question_number`, `is_correct`, `text`) VALUES
(1, 1, 1, 'returns a random number generator with a random value based on time.'),
(2, 1, 0, 'returns a random number generator in the specified range.'),
(3, 1, 0, 'returns a random number.'),
(4, 1, 0, 'return a random number with a given seed value'),
(45, 2, 0, '10'),
(46, 2, 0, '6'),
(47, 2, 0, '5'),
(48, 2, 1, '11'),
(49, 3, 0, 'IndiaBIX\r\nHello'),
(50, 3, 0, 'Address of "Hello" and "IndiaBIX"'),
(51, 3, 1, 'Hello\r\nIndiaBIX'),
(53, 4, 0, 'Yes'),
(52, 3, 0, 'Iello\r\nHndiaBIX'),
(54, 4, 1, 'No\r\n'),
(55, 5, 1, 'Yes'),
(56, 5, 0, 'No');

-- --------------------------------------------------------

--
-- Table structure for table `choices_2`
--

CREATE TABLE `choices_2` (
  `id` int(11) NOT NULL,
  `question_number` int(11) NOT NULL,
  `is_correct` tinyint(1) NOT NULL DEFAULT '0',
  `text` text NOT NULL
) ENGINE=MyISAM DEFAULT CHARSET=latin1;

--
-- Dumping data for table `choices_2`
--

INSERT INTO `choices_2` (`id`, `question_number`, `is_correct`, `text`) VALUES
(1, 1, 0, 'A.	Virtual class'),
(2, 1, 0, 'B.	Abstract class'),
(3, 1, 1, 'C.	Singleton class'),
(4, 1, 0, 'D.	Friend class'),
(5, 2, 0, 'A.	Copy constructor'),
(6, 2, 1, 'B.	Friend constructor'),
(7, 2, 0, 'C.	Default constructor'),
(8, 2, 0, 'D.	Parameterized constructor'),
(9, 3, 0, 'A.	Base class pointer cannot point to derived class.'),
(10, 3, 1, 'B.	Derived class pointer cannot point to base class.'),
(11, 3, 0, 'C.	Pointer to derived class cannot be created.'),
(12, 3, 0, 'D.	Pointer to base class cannot be created.'),
(13, 4, 0, 'A.	Static function'),
(14, 4, 1, 'B.	Friend function'),
(15, 4, 0, 'C.	Const function'),
(16, 4, 0, 'D.	Virtual function'),
(17, 5, 0, 'A.	Data hiding'),
(18, 5, 0, 'B.	Dynamic Typing'),
(19, 5, 1, 'C.	Dynamic binding'),
(20, 5, 0, 'D.	Dynamic loading');

-- --------------------------------------------------------

--
-- Table structure for table `choices_3`
--

CREATE TABLE `choices_3` (
  `id` int(11) NOT NULL,
  `question_number` int(11) NOT NULL,
  `is_correct` tinyint(1) NOT NULL DEFAULT '0',
  `text` text NOT NULL
) ENGINE=MyISAM DEFAULT CHARSET=latin1;

--
-- Dumping data for table `choices_3`
--

INSERT INTO `choices_3` (`id`, `question_number`, `is_correct`, `text`) VALUES
(1, 1, 0, 'A.	TreeMap\r\n'),
(2, 1, 0, 'B.	HashMap'),
(3, 1, 1, 'C.	LinkedHashMap'),
(4, 1, 0, 'D.	The answer depends on the implementation of the existing instance.'),
(5, 2, 0, 'A.	java.lang.String'),
(6, 2, 0, 'B.	java.lang.Double'),
(7, 2, 1, 'C.	java.lang.StringBuffer'),
(8, 2, 0, 'D.	java.lang.Character'),
(9, 3, 0, 'A.	java.util.HashSet'),
(10, 3, 0, 'B.	java.util.LinkedHashSet'),
(11, 3, 0, 'C.	java.util.List'),
(12, 3, 1, 'D.	java.util.ArrayList'),
(13, 4, 0, 'A.	java.util.Map'),
(14, 4, 1, 'B.	java.util.Set'),
(15, 4, 0, 'C.	java.util.List'),
(16, 4, 0, 'D.	java.util.Collection'),
(17, 5, 1, 'A.	Java.util.Map'),
(18, 5, 0, 'B.	Java.util.List'),
(19, 5, 0, 'C.	Java.util.HashTable'),
(20, 5, 0, 'D.	Java.util.Collection');

-- --------------------------------------------------------

--
-- Table structure for table `choices_java`
--

CREATE TABLE `choices_java` (
  `id` int(11) NOT NULL,
  `question_number` int(11) NOT NULL,
  `is_correct` int(11) NOT NULL DEFAULT '0',
  `text` text NOT NULL
) ENGINE=MyISAM DEFAULT CHARSET=latin1;

-- --------------------------------------------------------

--
-- Table structure for table `choices_management`
--

CREATE TABLE `choices_management` (
  `id` int(11) NOT NULL,
  `question_number` int(11) NOT NULL,
  `is_correct` tinyint(4) NOT NULL DEFAULT '0',
  `text` text NOT NULL
) ENGINE=MyISAM DEFAULT CHARSET=latin1;

-- --------------------------------------------------------

--
-- Table structure for table `management`
--

CREATE TABLE `management` (
  `question_number` int(11) NOT NULL,
  `text` text NOT NULL,
  `image` blob
) ENGINE=MyISAM DEFAULT CHARSET=latin1;

-- --------------------------------------------------------

--
-- Table structure for table `questions`
--

CREATE TABLE `questions` (
  `question_number` int(11) NOT NULL,
  `text` text NOT NULL,
  `image` blob
) ENGINE=MyISAM DEFAULT CHARSET=latin1;

--
-- Dumping data for table `questions`
--

INSERT INTO `questions` (`question_number`, `text`, `image`) VALUES
(2, 'What will be the output of the program ?\n', 0x89504e470d0a1a0a0000000d494844520000015a000000ce08060000007fd1ca97000000017352474200aece1ce90000000467414d410000b18f0bfc6105000000097048597300000ec300000ec301c76fa8640000196549444154785eeddd3d72e2ccd6c0f1e37719378609a666057805e06422a7aeba010eedc4d984934d8243537583091f479318566056e0723090defcee80b73f454b6a410b6803e6ffabd2f30cb210fae2d0dd6af5b9f8dffffeb71400403617d7fff92f811600323281f69f7fffcbbd0400ecdbffb9ff03003221d0024066045a00c88c400b009911680120b37681767a2b171797f2b870af95e9ed855c5c3e8a9db590c7cbf0f5be6558ffe2512e2fd43a6fa76ec689a96dffbe8f51ee730a7c7ead02ede2ef9b48ef5aae3a6e86faead9595752ccc2ce168f97ea07ed564e34f403a8681568e7ef33916f5f82a03a173bcbcfe9c8ddeb5296af7704de1d98e3bc35ce01706c36045a576dd45553350dc66ad67850bcbeb818889da5fe7daa55ef9c4cb5fe5c4aa653b9ad342b01b0f67c33acda9e17bcf66d896eba8c7e23f59775b5cce6ea7353fb61d3fccafad7fe38947f64f414dfe608d396added3bd976ad9d4b46907eb2cefa3fd4cf383a67ec206faefa56d4cd9fe0dc7247c7f6d994dca9f5f3f1e33b9efdabff1bb0bac6c08b4ae1aba54d364a85e0f65a2ffed263b6b625f3ff5cd3ba266f7d2ad049dd97db7fc453581d896905774b0d9538930b67e5d3abf79762f0266d9aedc57a2a4dee675c1b908a236524a6f3457c7e649fc91d17f777f0ae87d4c2809b6d9feaa86fd31e725f9f8becbafcbf2e797cf615f9ed475301ff5cc2b53cbd1c782880ba49768ed8db0afd275afd51c7b23eceb6ace5a3e20075fc6d9fbdcfc5fafebf1c606621b9cc2e5c6f267e7ef6a7cfdcbf9487ab359a5d4d9b0ac9acc0f8b0a6ee5d8b12a299a201aece7eb5dd84a3a953f95bf9bc9ac7426cf2f3a60d91f3633cbffa8991fb036db5f37fde57ee42a9f6d3f4705fa9460381bab254732f7efb76f0ecea1d5b97b2dafdf3735b52e3d039f4772a0dd7c236c1d153482126fe7ee879aa3bcfd755f3ebb2e1d08c2e0e4bfb4eb0acb49162ff21c59bffa00797501a3d0b4acd27f9a8b8efde322f2ebaab42a297e0b02d8a68dd581270c3afd27f3beea6795b4d9fe1a17e07b2a4856b6cdef8fdaa184526d4f46bf831b6cfdef957358d77f72c7444d936f6d4acfc0e7927c336ced8d30fd7a5da9a85412d6baf2d5166aadc55f5185e3f4d2f196a2ebf701a3aab4af7e72d5ef22b8e8eab20a566fc1b28dc7a12f0fae246fabecc17a13abd7adb6dff3c736da05af2357d77a9bdee4efa6e266a95b9f56398711617bf4e04d978657cd28c039d9f3cdb033317b5765706fd58e5daa2aaba97ab3c896d027f5c0582de59e30db07d805d7b0a984ee6638636937c34c045973234c4fbbd4ef3b5fe49bfa5fb5bd2f5929f069ae29a222bafee99fd20d1eafda3e5b9ee225b3a2aaecaaf3e6e659adba6c6f1aadd6e502efec594c33ed1a6db6bfe08fedf34b24902fe4c5b4497c93a416a0b56c8f84aebbe3369cb8fddbb9dd07387d4925da9d6f846de4aaa1aa6457aa459bbbe5ebaad61df9a2a3880a353f8bd2a36eeea8dc9defdcc90f1dcdd4fa6b3d1daadd003a57a26bd33a48d63ed677dbda54d577edaee666959bd5bc2f4d55f0a03adf66fb6bfaf25dbf573757543e7b7aeb9a4286dff754a5efc9686e032cf11508e80c0bebcd97a39e2c7511a5301f2d556c5886b32cb76c6fa4fe157bed45e6bb75aa4daa4cbda5faf23a91f74d86f5f7f486cb61e2fa7bc3a19d1fd9bfeab2760ab7a71d55d08daccf4dc1e7cf47bdfafce4ed8f1df3c952c5dada7bed54de1ffbd91b8eb9d1341f40554289d656c34ba5d7f9bbcc54e965aff7aef41df45afba56eae78957537e475e9d1771733f4ddf5d707f9ea5e16ccfadd5d764fdfc57fa82d195f56d3ebdeb43d6be8a685d2b63a2a4696aad845af0ccddf786bb3fd35eea65df5a34dd3cff6fb03200d39c30020337a1d004066045a00c88c400b00991168012033022d006446a00580cc08b40090198116003223d0024066045a00c88c400b00991168012033022d006446a00580cc08b40090198116003223d0024066045a00c88c400b00991168012033022d006446a00580cc08b40090198116003223d0024066045a00c88c400b00991168012033022d006496106817f278792117978fea5fa76c1ffb3195db8b4b79742b98de5ec8a57f01000db29668178f97727171abc2d3e730bd1dc878f843ee3af675ff6124727f53045e0088b9b8fecf7f97fffcfb5feee57ee912df603c94c9f249fa6edec99adecac5e04d46f3d722d06a661f6522cba793df430099d0469b68fa672c129466bdfef7a1c8f827a55a008db668a30d5e2f1ee5f242fddb4dabf64abbcc40c526158564a0ff7edbdc80a04b8576fd6edd0debf3f3a3ebd2254eff773795db4fb7d90f47fdfda78eb3df23a5d6fe7719ca4cee7f7d96061200fbb67d8976762fddeebd0a312bb3fbee4e37875e6ebb721fac50afef76aa036279be8c07a5cf316dc136aa97246d4fc27e2c5e9ed5df7bf2b5eb6694f445176a65fce7d3b44503d8afdd9a0e8613592e97669a8f7a66d6ec7daefedb91bbd7a54c740052e5bd895e66531ba60a78f76f2399bbf52de72315da744c55415682f976a5327b7e7125d3a9fc3251d87d4e314dd49c70b9351af7c39abfebf57f932f956603affb55bfe74dfe6efc2000e7688740ab025b103c3b773f4c6093b7bf9b035b544f46bfef5488763a57726d629efa9cd7607eff415c2c74faf26482a4bfe1e69b1906522fe3c66cda8f85fc7d53ffeb7d95688156e97cf9a6fe3b932036034061fb405b0b3c5d3105bbad359418d704b842a98db5d2ccb0c9def70300ca766b3a380a53b90dda587ba379a9e900000eedf403edf48f6922184e6c1beb6bb5ff15001cd80704da8fb94934fe13def3d78fcaa6b6d16ed211db04fb2e4d4db00bdb88dbd02b01c0b9cb1a68edddf899dc772fd6f6a3dd89e9c7aa8c07453fd8d28db0350132d5a65e05a65742ef5aae284c0388c81a688b3bf8dad6bd1136d1bd0eeaedb1ba29c1f604dbbd44ddb9ba56e5d5993cbfc4563415fdd058effa6ad53302000259c73af84ccc9806ba9f6fd8d54c6b18030100bc4fd0ebe06398310d66cf522dd4368d8100001e813655ff4926c3ca9806660c849e8c1e363cf506e0ac11685be83f4d64188cd435fd752f32fa4d6916c05ab4d10240669468012033022d006446a00580cc5a04da20cb4191a50000b04972a05d3cdeb41b7e1000602406da85bc3ceb28db93d17c29cbead351008046edda68193805005ae36618006446a00580cc1203ed5c4c225800406b6981d6a58b61cc5500686f63a05d3c5ecac5400f0538211f17006c81365a00c86c63a0eddcbdca52e784190fe4d28f0f0800489656a275091067efbba6390480f393d874d0159b083657824500f8bc68a30580cc08b400905962a0edc8976fea7fb377a1951600da492ed1764d23ed58068c470b00ad2407dacedd6f19e9580b0068a5451b6d47ee5e97b25c321e2d00b4c1cd3000c88c400b009911680120b3230eb42eebeea7e9e130955bdd63c34fb75399de06af2f6ed512992c1ee5527d861fabc28cc8767129aba12bdcb6a96dda2bf7b9abf56e734eed7b9ac7d908b233bb29ba1bd3dbd232d529befed871599dc7e6c3e5b7491fe33d6cffc6f3876347897647f6a2cf1824cf5e47aeae7b327b7e8904671da4bab5eccce3c1ba201837bbef26fed0f4e5693e12d3d971103fefd35bbb4dc3c9abdc753e66fb71dc08b43b9ab74d3dd11bc95cf7dc78ea4bffc9f6e2d083a39d07d773a565af958e7e5a26f2b04c9102df1f533db983d914048713b75c699a98419364fc33ad94d8b993dfa6afe35806d588a84ace7af8663d7eb33ac5c63eb71fa789407b0e3a5f443fd8f7ed8b0d6fe68bafe6b897c7cf8c1e37963fa5c8e353e00f651206eefe93cc5d102c2fbf8e2aa59a003793e797b4fa78d1af7c3c58953e75155f47591d387d94d576ddfe533f7f3864a0adb459aead7e97978db67745dae0cacbb9b630f5adb0d57dbdccfa76ae721baa9ec26db4eb33a5175db2d17f37dfb8f69fb359f558c5a675c7cf8dbee675bf4aaff755cd5dc7ed876e4ff56dad6e5adb9ee9a76a49cf08d6e9e6181bcf5d5fbeab38382e452a97c72eb21f3610e9c1e6da1f741fcc36d3a5735b12b6a54fb56f37f72a54f764f4bb5a62df75fbd79f3fda6c8fdf6102adf9e20e54780ae960150b16eff2ebb2bcac6e4f0bbf88e642b311afa4ba9cf1f6536e7ca358ef5aae1abe573ac8d657a9b731f1824efc9c8f61abec45214b557d5f53abefb37be976750059a91dd7d8f95425bd8b9b67f7a259eab9338f8087c3742efeca9bfeffb72ff5fdd08148fd2f7dfc64f52361b66128df8382e866be24acaf8bb05dd6fe35b4dbf6ef70fe70140e1068fd2fbfae61cd8b76b2c6eade6cace6d6dbb05617e1547e9980a6aa607e1933d9d246ed26c44c2deb3fb7f1629dca1ff3bd9b04eb5353a97a692f7ebb39eeb3c3ea62d2e7a4525fe8703ba2d3935a2a93e038d8f3141efff8f95cea1b46ea18e8f9cdd2cf5de7ea5aadef59aa35fbded748b9dc55b563f48da66ae9f9c2fd480c275b1c4355d57797a4394ee12510dad7f6c7982c28cb7880c7713840a07555a64ab2477bb104bfda854a55cc657b58950e7c10f25f12573dad9598bda1fc48bd2275a92cace6aa2f95dec6b424952d3ee7a8a920189c94cedd8ff2f15fbc886d6aac24efd4a5ae2202356971ee4cf09949ce241fe5aa7d22559affe93776ddcdb40fd87e1caf8f0fb4aeca14fd258fa955bb2bed555aa90db1de5da66463dba4d6970757723355e7b0f4136d7b8c48fa9c54bbb6d1eea0b61f91e3af44cfa7ff515c27f9dcc5da39c39275c057cb23e2bd0e5c49bd755ebca05d76a4f77426f7dda6f3b09fedc7693ae0cdb07d51412868435c555f5d979d2dd91276641dd5522e76d0eedcf56da4b281cc57af63e995e6ef669dc93fe68aef4510efef1ae7fbcbf646bfe5ee6ed55ba0d6e5cbc9b9fd386e1f1f68dd0516fd25dfc6f48f6b5fb32593b46a7daa6adba80b0091b6b6bc0edc469b207a3eddb969d4f6dc999b446f626fc6bb9275ac7fea5f5b1e4cef4110481ddcdef797ed8de4b7dbee6897afd0476c3f8ed2014ab4ee02ab5e8cbe0a995a35af2857c97455bba98d3641e3b6c4abcdaa58e2be3c67a873273ff4af4fb5daad8f61a437414cf2b9eb5cc9756f7533523f71a5de2d83b086a10260d7dd606bd383a0787860f83de1074b6da38db295ae5c1db9fbed9f1a8bf44ec9b8fd386e0708b4e1c5e8dbe6d464aa90eac27d687975f976405da5f7eb0abfa8a9259450103c56ebd4936b431cfe28eef0dacc13ba6d4efd7dcb1f8953d77fb0e7d33cc6ea8f953a9f321c9af98d5a9f3b9b52c9979e8b1264d88eee82fbb0a10741bcd7c1850b6e29d79fbe6167b731da954b5d3bf6a931754ddc549b9876dffe18fad11ebfc3b4d1ea3bd2b57638ddc5679b2e2aba5a5d6fd3d3d5517bd37bbbd2a67e3cd677650a996a6eec2ebc166b6f3b07e67cce6dd0f0742f8487afee4593f6e7aed4cea97fb45f2b9fabe8f73775b36a641e83dd7cfdad4abe6bba720501f4a612fdb26d3f8edac5f57ffebbfce7dfff722f918fab12eb2f74a55fad7d3842ffd01cb69d15a76b7a7b297f1fe84b7bac3e41af03e0dce9076c18fbe09811683f9a6f8fbb5d8d479b78cf08889bfe91b7d103b5a12346a0054e5dff69cfdd1ab16fb4d10240669468012033022d006446a00580cc4e34d0bae1f4f63ab88beee7ea9ece5153f9212ffd37f7e48d7b3cd73f6e1a7b2aa7949921ba8d6efbdb3e49567a34d8aea3dd68538184fdd89f1ce76b5789e73b137d8dc4ce5dd37c9cb6b32bd1da80521fca6e7a1b3e5fdf9370e024f3b7e0b1db75f4fa07e39e8ce67aa094890c7577ae6a409dfe92fbd9168f1b97accbae8a4df675be434dd7568c7e6c59ee6f6ac1bc693e4edb89065a9bdd609bcc05f1acb50bb10326f991fe83276ccc284da941d125dc2bc6d075e3da168f5c6aaa74f7736c87d66bbbf1154dd9558fcff6e72b8f7d9defb2561991cd781a33b9ff5509cb4df371d268a30d4506eb9eea9c3661e9c60df318cf48eab247d4f24005cfec9bd2ec9eb22f44b3ab265abb1f6722e57c6764c73da86765689a8f13a6fbd17eb4c95096ea6a5eaad284fbb79fecbc95f9521508977a948df9a8e796e92d477337bf37524b04cbe9d7f3d15295218b75f6541dde72cb047fd3eb551b509ee7e79bb7d875f997965d4f314f2f13db0ef3babcaffeefab6d5a67b2545fb7f236f97d0b36c8acbfb48129c7425bb71fed94cfa19e1acea35f7fec9817933ebfe64d8e7b6fb04cf3f1ab2f1b9e0ba3f5f9b6d6ef63e473cd4adc7cf5eff2f56bdfa5d66acf71ed03ebf3edfbabc706a7e2a0817658bb78f5145e4cfe0bda5b050cf3c5f1f3fd972872a10793fd62367c19d67cf1b6b9b8cbef297f61ecdfaa4128a212208bc91f87ea17b0144c528ec5fed403909f62e7b165a06d3a0e7a0a8e81b16ed9f0986f71be37ef63c3b555ec77f5fa5df1df85caded4e66f732de2781c30d0eaa97ce114f38b2fd1ea028e95c6a281b61a842af3e21776757d56d3976093d5fea9a9f86c1b743707ba867d0e0349b03f767e781cd38fc5ee1a4a642e98adb63f7e7c43fe98d5de539a67f965c38f2d8e79655be2f3db9cefd47d8cbdbf791fbca6004a60fd5c0ed846abefcc978775eb3fb9b1394b378fb4d436cd0d195b5b71374cb648b2a8c7b255c7d64e6e7b168f3f655cec47b96b51a93b4fdbacb2a6ad35965d759fc762033d7077d875ab55b6607d6c744f0df58f709f9b8e83e2af93556606971e5e0f415919c8b5f99aaada70be77dac7e6ebd7b68dd7cf5fd37c9ca60306dad88d179fdea332e0736ab0ab2dd7947ae6a34de5d7fd4cc50c3ddeacee53eac6a5d58158054f9d99a0da032c3dab6c3cbbeac71c8bddb305eb206bb21ba8801a0ea85ea865b9d093cb74e17f347c66e5ebab48af86866b2ad9b16544c629a2d7c10730a55915584d8f2157522b8242ffa1523a6baf3c6affc7da295bb0cf8f15298926f9a0ae6d6444c6ae0e186863250cd70ff553753372a5d91fe53ea4b50ca7952a7dabacb2a5ecaa87b045b66015644d7eac48c68950af48411e9b5c460a9f5939faf0c6beaea963c9888c5374c040ab131a969fa2f179f2d33291ee222528d9447abb969acc5346be341b78ab6e80ef7b6b3aacabffabd252b9ed764d56d95276d50f547a2438b4a199a2d897a14c9a82acd92775f823cd2a2648973ed7369f98aa7d65e1f46baae17cb7dec7763f7836b578f9c934ad693e4ed3416f86f57a6319f8f62e35d93852be89b36f6db2d6da65772829aa2fe94fb54fa5d2ac0f20bef4651e60d07160b5cfedb3ca96b3abee837d9c74c3f3fec18f42b19d66aa670b5e59c8e38dce78ac95cf7f3199ea7843b6643d990ba5fcf456ffc995302bdb62afa9b427bda2e7bbc53e6e9311d93c4d563c49b8529d9f743e70b40e7a33ec473503a8b941943741619bacb59dab6bf515ddbea438fda5024aad34ab1f475541c1df58519140578f4bbf2dba8741cbacb2876aa74dcd16bc95d871d0cc75524d44a8abf69165f54db6c4ecca4de73b5f4664db5ba27e13af693e4ed6a19f0c3b76665bd7f4fffccc26c3f3ebc7f9a1e7dbf4c58d1ce386f9e7783e3e0b7a1d6c604a8a6779c3e33c33ab7ee4f96e1a57213e9f4cb7a78c40bb49ff4926e7389ad2b96656fda8f36ddaef236dc74df3c9747bda683a48a11fc3a4da763ef29f6ffd1d883d96db341fa78d2cb80090194d070090198116003223d002406604dabd72d95e832788121f1002f0899d6ca06d9371f463e820eb1ecb0ce8c74709b6c0793bd940db2ae3e807583cded8206b1e0f75233c4dec0399e3c131fd2000f868341dec851f8aaf321a55ffc93d23bf65a65a009fc20102ad6bc754f5695bfdd76d99e1a844f576ced27081eeef76542637fa93a99bbbf7d50662aece6ffafc60393f345ef4f3635c9af1c848fa3625891e6364b50e466202cecbe14ab46f3fe5c63768fae1e04c80abb7739ae102f7ddd019fb7c4d8faad5f5c3f859faf3d7065b974aa51853366406e556eb20f91370b60e1768672a94f9d1f34d755b95286f6c80ab8eaa6f9a3ac7037753490f33e8e6e9aaba5e66ab3428d5cf0f98a1f5ec67fbe1f152026534cf971bfd3f6453a3a40ddd07e0f41db08db69219b455d6d37d68ca4cfa81d963019c85c305daa6cca0b591ecf5e49a13f619ec9a3e7f87ecb1d152af6f560070b60e58a2ddc207653d6dcd370fc47e08e6efb63984e44fc0d93aba409b94f5749d5a30763d02b272a5dec80f814db217c97a0be06c1c4fa06d95f5d40b13e9b92ca632969f450f01dd656b104fd1bd571db9d21bafbb9b85ddcbd476774d9bc75082dc8b00cecc119568db653d8d651c3569489455f6d8aedcab2037d48b66d6b9fb6d1303faa48bc576ebfb7be59238fd6881f3725c4d072db29e46338e164f6239fa7daf0fd29c3b769f74b7b3fab6eb4ca9bb26830570dac8b07020d3db4bf9fb405f5ae01c9c56af834f838ca6c03921d01e02194d81b342a03d84fe53ede937009fd7d68156df5507006c468916003223d0024066045a00c86c43a0755907f4534eb5cc05008014e925dad9bddcf0cc2800b4b621d0da6c06cbe5c43cee4a3a1600682fb1449b3ef83500a08c9b61009019811600326b176849500800ad25065a974160762fbff699881600ce407289d6671030d90f6a296500004d68a30580cc9203ede2f146749e4193a596dc2c00902c31d02ee4e5d96673fdc138aa00d04abba683de57e9ba7f0200d2d0460b009911680120b3c4403b9777dd440b00686d43a0f5e3d10e64ac5f7efb22dc0a038076d29b0e7a2399d3ad0b005adb1068fd78b46a7abd2b9566f53c00c066dc0c0380cc08b40090198116003223d0024066045a00c88c400b00991168012033022d006446a00580cc08b40090198116003223d0024066045a00c88c400b00991168012033022d006446a00580cc08b40090198116003223d0024066045a00c88c400b00991168012033022d006446a00580ac44fe1f8ef63ed6af217c4a0000000049454e44ae426082),
(3, 'What will be the output of the program ?\n', 0x89504e470d0a1a0a0000000d49484452000002310000018908060000007b1e6271000000017352474200aece1ce90000000467414d410000b18f0bfc6105000000097048597300000ec300000ec301c76fa86400003aee49444154785eeddd3b72e24a17c0f1c3b78c1b830397572056004e2672eaaa1b400889338793398110aa6e30e175e4c4b0025801e5c090de75f0f54ba0470bc45312feffaa341e64a117983e749feeae3dfdf3dffadfbfff120000802af99ffb090000502904310000a0920862000040251d16c44cbb52ab3565b8728f9569b726b5e650ecaa950c9bd1c7e77681fdaf86d2aca97d76a76e45c5a4ceffdcf7e8d2af290000c7392888597d2f44822779acbb15aa58b3ab1e65b30a275b0d9b2a58ec4a45c32a0000aee2a02066f9351779b88b042c4bb1abc23575e9cdd6b29ef5086a4e60eef3d1780d00003fc39e20c63525e8e60ab5b4c76ad5b8bd795cabb5c5ae52ffaf6a73cc2599a69e9f52a332956ea2a91100804b3a73626f327f22f238ccdd704bd35bdae98270bbcdfe2695ac7c8dacf589fdef0cbce2019c5efce7ec617287d4731a7d49d6a9981ca2c83ee3d7688f698245151eb6f5ef63e798e7fcf7dc93e8f353dbec133f7efa7ecca5dfb0bf23a605005cda9e20c6354dacd532e9a8c71d99e8ffbbc5ae9ad8c7a3967986d7bc2f8d44813eef37e285a009726ccdce962ec8cf5493e1dbbfae557a7e770f22ccb60de92722107dcebb029f4d8062a31009064b756f4612de19fd7bf7ab087d8d396a300e39ffa48ceb31af4beefbfb256fcdf8f1e3af614b46ea7db01c04e691a99dd3f7826806007021b96b626c52efbd34dc63b5c626f5de6fd7ec14063b91826efeb5343ff5be86cf36c8b1057f74bbb17c9c5c0efaf7bf5e0e2498cf13b52519dbaac5046d2a708897cbdb1a0e13a044ae73d68b66a54ce523f17bb3989dcee5fd530703366834abc280d10487879c7fdaf4cd05908963dbe3a8202a4fa0311fab2d07b20c9f6f9f1c790dad7a6f16df7fd8fc7870ad0f0000bbe50e62f627f5eea20ae4484d4dbdf7aad6288b6f57b0d97de942365af08705e2ae4a9e5c569ff2eed9bf3a80cc5c61bc91b5add21a2d45c755e34d54a59b571ad27f880407fb4e5617ead102bd3532cf4b1e2be690f34f71c153a00290c4b985d7a32e28476d4c20833f9164e1d6afc46b98d61ab97ba296c9c321b53e0000ec973bb1776752af7ebcebdb7cac06476bc8bdad8cb156dfb2503f72d7ea1cc9bbffb0304e8a5d6bb8b826994dc1ad9b505420b0886c9b791f5af2e26aa06c334e64bf399b5c0e3aff50786fbddde0ebf2f8a4cf6921dffbaa49625debb5c46be811cdff692f742dceb6690d0080539d39b1f787987fc9b611659b37146b3e514b32f1d5d62c4dd24147b276a6c2ec18372e7089369fd1e51b007066f9127b4de9bc23a9572fa7b4f9d4efe441fd48e657e4160b2a34d73c95e0ddfff42396ac1a4ae6c3c4177f8dc2a6f9c435f19844e054138a4d80ddeecb0535f3773169313b1c72fe1be1bd7dfff404492bf934ed540f92ab557027db73a9e1b2873b13777d27b7050200e097ab26e6e4a4debd5cd3c43891346b7ad5ec6a6ea9cb9d2ea15531fe7b53eba19bc012bd78ea3d79d59182da7faa4754b2bb50fd51740b8b0e4052870dbb4eef6bfe71792e26f1d6adcabe96ac66994813cf21e79fd2925ffab9ba092b71ec69d7358f757e9da9992790c1d2062fc42e00804bcb11c4b86febd1a45e97689a2fa9378fbaf4fed8027f9363a317d32d5b158c2fd92562cb94d036e8b0cf5305b374a493080c5a2f76ffdbedecfea5d3d9061a46c6b9e8c5040cbbcf274627de86b536914024b6cf30cfa6f32a61ce6ec344356ecc151778e43fffb4d6c8d5f6248e6de39ff8f5d8e6a06306add3354cb3cd3500007069398218db3413ab75597e99e0e2ac79b8a6c04fe68be826ac3d05636bb4e9b26de85e38b317b9770f37ccfe5d6f9c90eeedf392dad2bfada6f77d4241ad9b9b62e7ea98a69748d5c5a6f7961626111f72fe292e01397968d31c48e00100a8a6dad33fffadfffdfb2ff7100000a01ae89d0400002a89200600005412410c0000a82482180000504904310000a09208620000402511c40000804a2a2088713363e799f070efb40355a7e71b3a7474dc03eedfc5d879922efbb294f73af5ecdcc9c93d0100d7474d4c81a6ddb68c23d30d54cb99476c2eadf475ea2920a4ff7cc4d40c0080732a2088713363cf7adbb9987ea26957dae303e6612a83b066acf65b1681c8fbb3feff0dd694edbb4e330fd65cfa6fb75a430800d5404d4c41a61f63894efa580966fe2615804e1e643e9f8b3c2ded6cddb73665758eeb34138f8e7f531b030005da13c4b8bc845a57d2df397d390be1f6912595d39095eb60f30f36cf3bf0dbbdce53881d3776ce19c79c76cdb6f1fc06cfb66ebbe892cc89b0c7b7c78c9f8be7dea96ffabf750cf3cb57f827ee83f7de87e2db7af334f69ebbbb5e75bfed0cd67a9b5d793aea98edb17406ba49a571425e4cc5afb3f54b3a7aa6f1486dccf1338003008ea22780dc653908d66ab37567e25684968375a0d6078365ecb1de36bd74d6dba72fd78340ad0b06ea7f4ed67383c0ae4f1d3c6ed2493c6fb304ebede9e9ebd83ed636cff39c4b785de1f5fb96cdb52b765f9d75c77b2ef1e3facec5c8bc87befba78ea57f26b68d9e53be730ff7e7eeb55ea2f72369d2d9bc1e66ff7b5e1baf1bb9cef0350f7f93f9ba02002e626f10a33eaad71dfd819ff810b71fe0db0fec4d40e0dd2eba3e19c4b8c76a9b68c1142be83c05c896fffc4c2114dda7dbdf76b3ed71b30b22b7ef58e1aab9f5914270739d8942cc775fecbae43efdf7212ca0bde71d2d84ddf56e8f93f7dc33eeffc5dcce7512b40040b1720431badc481612c90222f9382a2c3cc2e7bbc7e1b661b01229e4375205964f588845f6e9e5b60bf7658eab0aa089fbe99e68ae35733f918235713c7b8f7c05da9eebdf489c5fa6707fc963ed7a0db4ac734f9edfa5ddd075baf7e7de4b01005c44aec45e93c42863f9089bffa71fea912a0e5e5d0fa3d5b72cd48fe0e9d1d3e3a82e8f4f2a4c515b7cefc815087cfd754ddec13e2d7951a59331ef4b239a17114b646889b98cc5b7cd75597ec95c1ee4ae75a7fe9dcbfba75e3b159d6f2b0f77dbebd8f454d14b43fa73b7de4bed2f7503f25dffe61ee6edb71c3cc963ec580db977b761e390730feed51eaee0a75c2700e0e2f2f54e72c1c4d84531a6678d5ae3cd4b2d40bd3713f5b5381df08cdbb1045d138ccddf45c72bb677d02f15dad84271feb5dc14b0db84dba9741b7d15e258c1c0f552f11dab74aa7cee87f829d7090048cad9c5dad5768c3f5491e16a2b4c00e0d4756d868e0f3eb73d7a3656f2f9ae8b185f2dc5960922925c8d4f3e2d1999c22b5c5c21e68216c3f528f95aaee45b452bb636c0d594a86b1b7ebeabdf4682b3b0c66962f739dbdb1fda57db92effa37f7d0771f8e71f0b95fc94fb94e00c0c5e51e27a6fef824812a2e3ebaaed08855c3b8a61add9c93e88b3aedbaeafd68d01365060e533fc7ed789758dd44d0ce11c2844d09a93eb09e6607b76efcfb59dee7813cb9768afa9d2e5617f2ae830dcf7986355096eeeedb36f7206d2efd46bcab70fafaeb620e37ff927831eece57dd87d8a5645e5f3ef9cffd5a6ee73a573a12fe312317034009e549ecb5220993dea44a9770e95da2c9996e3fd17d6474b90d3a9deca4df884d0f20df92786ed80b4645159104cfedb9c77baeecba26bd6cf71126f606d1a452cf765a66af968cfbb0f7fe19c9f579cf3d6b7f87cbdd5ba7e2d7194a2681d35b0900ae2b774d8cae41b009aaea63da9bc0ab9b7396a20a8ab8ce44d6ebd9ee9169cd08a989e7aae7cd5eeedd83dd5aa3b5a802c43dda324d0c89d1646d8d9212ab71096b6db6b53396bea6746e85deaf2ac09464f3d183bcce12d7110c64b91ec56a77ec3984c9c411e63e248fd791c9befbe775e8b95fd14d5ca76d56f5ff2d0000aea1a66b62fefdfb2ff710c7d2a3f4b6c7ba208e072c59ccf60b15e0dcd81c52d36e53be5f8e09462a468f10dc5ec86019bfd61f73fd00500207d4c4e09ca23da56e87ae9dd893c07c23fc735ffd9ceb0780322088294a6b24935b9b0979fa218bc14bae9aa84a5be9b9af3c3390ff94eb078092208829506b3491ce2dcd84ac02b39fd0c579fad61719fc493719fd90eb0780b22027060000541235310000a09208620000402511c40000804a22880100009544100300002a89200600005412410c0000a82482180000504904310000a09208620000402511c40000804a22880100009544100300002a89200600005412410c0000a82482180000504904310000a09208620000402511c40000804a22880100009544100300002a89200600005412410c0000a82482180000504904310000a0927204312b19366b526b0ed5ffaaec1cd731956ead2943b78369b726cdf0010000b8aa8bd6c4ac864da9d5baaae8bf0dd36e5bc69d57e9d5ede3d6cb40a4ffbc096a0000c0f5d49efef96ffdefdf7fb987e7a56b2adae38e4cd62369b9759535ed4aadbd90c172b6096234738d3291f5a8f257080040a5901393d3f4632c12a98509b57e7544c6bfa98d0100e0ca8ec889893c5e0da55953ff77cb363fc46ed356e5be2ae1a5ad7fdfcd6e54d2b51976ff6edf19fb0bd77bf7a56b4ac2dfbb259eaf72cc7538eaf7bf750cf3cb53dbd2fa251d994bffed561acd0000a886e36b62e67d6934faaaf8de9af71b2725ba7e761bd28fec50efaf3bd5c1467cbd8cdbb1e398dc1b1b31c5e43a9f1cd7b1fa7c57bf0fe4bee156c4b44457c6c8f8e366727f0000a882d39a933a1359afd766590e02b36afeb554ffd6a5375bcb4417eea27362d436fb72465430d15f0c64e9f6b75e0e54d8a0e31515c04864bddda9ccdf3f5d8dca54de4c84e38eb359266a4d74bb1d32afc35a7ee9fd3fc85da22929d4b8d7cf59c8f7de03010080733921885141432430a9f75e4dd0208beffd41835720833f3d15fe38f5477932f1843ace2cb2bef5222ece705a32320148983c1c363db5255d37e3b3ef3a56f2bd503f827bf156c428f5bb07f5ef5c22710f0000b8b0e3839854a1de10532171b48c9a8e1dc1c3462ca725d1f4b4cfd9af0300005cc369cd49a530956e24a725182c63cd490000e036553f88997e9866a3cec4e6b4cc927da00100c04dba4210739d84d7f147b46f909e1e206f4ecc3e75b1292f5f9295f2b2b2493319bd970000c0255c3488b1bd76e6d26fd4768e137312334e8b326e6fc6798925f5ee083ef2dad7fbc8f45e0a9ee4914a200000aee6a241cca6a78f7674afa57d74efa474fe8b6e5eb2bdb14faf09aa3f3e49a082b1f74fdf8ea6a207f30d9e1eb73da80000c0c55d74eea45b62e648d2e3d844bb7b6b19732a010080cbba81de49d761e6489abf4bb232266b4e2500007059043179b54632e924e64832732a053278d9331a310000383b829803b44613e94466ac9ebef545067fa8850100a000e4c40000804aa2260600005412410c0000a8248218000050490704312b1936dd88b8cde18506ae030000c8277710b31a3e4b3f9c2a1a0000a060398398957cbeeb082690c1722debe4a8b50000005776584e0c931c0200809220b11700005412410c0000a8a49c41cc52be48ea05000025922f88997ec858fd089e1e49e8050000a5b03788590d9b526bab10a6339119331d02008092202706000054d2de20a6de9bc97ad21119b7a539649c5e0000500ef96a625abf44853132ff5adac700000005cbd99cd490fb40fd587c3367120000280572620000402511c40000804aca19c4d4e5ee41fd987f0959310000a00c72d7c4344c52cc58dab59ad49a437263000040a1720731f5de1f19e838060000a0040ec889a94b6fb696f55a2db31ed30f0000804291d80b00002a89200600005412410c0000a8a41207312b19368bee0935956ead26dda97b580af69c6ae1123bb9c4eff492b87fd36ef4f75df58c4b73af63782eaba134d5ffc379b8cc2ce9b5a684d372251fa7b8e7c7af3bafe47bea84f7d89eebc865ef3edceb79ee3760ea1e9e701fa65dfbda662cfef9d67cd7b57def665f6ef85e72f728f3fe25de73e6b7006e1135317b0572df70ffbd20fb017c4250613ed0db32760f37e67d691c5ab89ed16af82cfdb97b801f67de6fe40cc25a325a0ed45f9b9e6bd6ff7730ed36cc7ba93399492f6fcf02f5fe7f2eeacd0fe0e208627cc26faab5dfb2509faaefcfee5bddb9bf11472cbf0e2ce983812c754fb1514b3d50df3c9ffb325745c060e97a90858b9e815cfda6ff66cfbd35b2ebcdea8b5bc9e7bbbe2e775ef46a2b29d7f3f084d7a73371efb7d8323113c7caf877be20bade933f661c87b1b4937f6bd3aeb47584de998879cbef14f6a4b4c767e25ae07611c4f8a80fd399fe109e3cc87cae0ae1a7a5fd50deffe95990a59818a8f39afe86da7ab1e3fb8c3f8eafe53955f0248fe179d5ef440ffefc706757d4cd50d00fe21e56c739aee356ee45a6968c5c10fdfe99af3664331ed5b8bd6d56d25f2a7404a303f7e8dfe0defbe726ae0570b30a0c6292f91bbb9a52e2db7adbd93d6df3f1ed5c3bb9fa64b44d377a9b5dcd2cea98ea83b3331888f41bb1767a9b5762cf374f8e497c9be476f6bcccb7cc70446473b043ce571516fb82ace05e7da41f22f9faf8965daf599644c1d2b897e0e073f389e441b8c59f8f91477a5fe9dc8a735cc731fb70e7a6cf67536368979df927e1127d236f44f6e9d6187bffa6f20b038dfd742d8aad41b1cd4aeadcc25ac63fc99aa2e35e8374ee1180ca7afae7bff5d52d076bf5d9b356874f2c9df5c46da2365aab6f646b093aeb8efe99d836182cdd767a7741eaf7e1b2dd2edc5fb03d7630506b334c3a6b5d47ae99fdbbff6beacba57abe3a2ff333b904ebc8a9b96d7d4bb89d3bafe8efccb1b2ce77b2561ff0bbcf3d4a5fc7669f5be135c4d746b9e3ec5c763d5f0baf21e7b92af6b58cdfc398f0bd13bd9eccf7935a62d79d3c1fcff9eddad7deeb3d37f71af8ae21756e7689fe5d645e4bf89edaec377d1ff2fd4d29eefd95787b39e17b2879df7cd79510be6fddb26bd36ceeba124fdefb1e03501905d4c484dfacd4c7c8c035d3a8457db0a83563f9487e519c8fd55a97ffa11797ccb16de79eca9bc91ced88faa8daec4f7d0adaf6f0f7cff8b74bdd3c141e77570e406bb4a9d9a8f7669e5a0e755ee3780e8a3db56dfe893eb70fd78ebf3d2fb5980dc32a76db7e6f9febae217aacbce7eb656b93cc7e77d5d278b9da9d9dcb486db58b6be63a98ba878d780dc06669d8f7ce96fffda417734fa3cd12394cdfdcfe13af997d7d3cb91a458a9ca3fdfb51776ef37791715f74f2ac7a4fed7e590efc9b52c66dcf6be512cd3b937def130ff5f767efb9922b0f6687c577ec7ccddff3fa80e46000a555401013e66f4c6416f914b11f2c6bcf8755a21ab9f5cb7c906e3f98c2c236fca07455e3be9e3a46475ecff2e9a50398f807616bb4f4e79fa882345655af032475ced1ebcf76ecf9ea66047d0ff4791e51889cc3f4c3bc06c1d3e381c1d701569f62728713ef272d7c3dc6a9c8388b0b3a93b9174ae66b5b9878605aefbdc6ff2eb2ee8bcef7da4407590efd9bda2dfffd8f580de57778b0bc89c12975797c522fdabc2f9bef15006ecaf58398d5b72cd48f206fbfe56852a8e149d68be506d86e9899ce927fa1f91230dd87a6bac26ff3a1db9217f70dd976750ecf512d79bfd11f73bee67e8401ccb1df384fcb89317907ba16c8135cec17afe18a2dae1b6e8a0e1453e7e7de0b896fe299c2f7a637e84abeb6054bbd2f3c7f178af7ef2cfc22b0cb217f534ac7db3bc9d510a9d7e6b05c9ab01649bd0f06fa4c75cddc31f9573a66b389c2a6a6a84cb56800cee2067a27a9c236d2c4b0ad3a77dd3b0b666b983ce792ac9d3913133c98fba19b02a83237e65f4227db439cef6f2a0c227c4d5059c2f16082c11fe9f5469ba6e65235e5012885eb0731ae5be4d9c66e704d16e137c1c3bff51fcbf78d3c1c1725594b93cc2f7185c1fc5d72f63ccd4507300dfbe92fcbbdf92afb9c9613638237dd6c71f0b7f0e324f361e24bce7b11be37bd056ed66b5b6edebf33f73793e9127f537903c9703c18f51efee38eebed769d5338d8a2797f9c945803a08c0aa88971d5dec90fa4b0fafac86f5bf176f7301fe492d255dce13748e9fcb28566e635f9abfe4f69aad804309d4979069573cd16171d6cacfe2836ed21de0dde08bb08e77e4fb5e49739e1be3412cf49bdb66557efc9abbe966410a9df93b63fff5ee7f89bda8cd89cebbea963d80826d19dba2ebd3fe168be87748d0e03cf73e5c101289b028298e807926e6f778ba9be561f5e2f07161161fbbe6e9e09f715fdb0bd5853422041e0c675718b2d1b2209979182647b6e7a090bc4ede0740d13d5b85e39070772616f122575ac70392ea7e0342e58cb9b9372948cf7935ec202f180f7546be46ac912f7d1beb6f9f75586b1485a2ff6be98a1ffc36b517f67d2e998f5998ef89bf2f74eaad9c03ad77dd3c9c3f618de690536a3f9aabf91e7039b6113f94365786d009c473139316644dc64fbfab1391cbad923dd56afabc26d278c4b25623ec8ebccf55809799a71f430ff61f7d7285355efeb5da21d5ae8ef6b1eb875e6fd94782d34f37a1cfa9ed2ef27cfbe740d57d5728c7cf745275abfdcbb0759cef83795f335d8d6d86477a7de342b311f1280502183dd559cfa20f70ce0752d070e7697e13ad7e0194cee0799741850ad58d9ef3f5e1be036dc40ef2494575dcc74363fb277901e73e696e641aaa2acc116796d805b41105355e1b83307e6cf84f338e5cced3c99cdf571b94317e8525e5ad30f590c5e7224b3e2fc1283f33ddc459284155e1be06610c4e0a236790c3f4d6b74c5eefec8a47372924936bc36c0cda8e99c987ffffecb3d040000a8066a620000402511c40000804a228801000095441073103df47a5946fad4e7627b1a9925d64b29ec9db15d929d98c25e4a76296234df53ecbaf628bb5dde6bd7ebaf31cf1300e03c08620e30edb6651c992ae012ec90e8a704153a8071d31a44e861e10fec8d7d75a75f7b940e602243e5e7a087e997fe33c3d103404510c4e46566d73d626ea7032dfda3736533c3ba6fa730d80cdf1eaed78b1d2b5e0532db00414f87a07fe77e550aa75efb869978333b80c9bc7633d7d55cfa6f258ff6000006414c4ed30f55245eb816e674db597b27d199ac5b23377fd358621313df1cd7cc144e263a383c426be969acc7bfa98d01800a282c8889e725c473136c93885a971ce175da35dbc6f3163cdbbaeda24b32d7c11edf1e736f7e88fa66ff5bc730bfe2dff80fda8792e79aed48ba6e845bd3fee3ae4ffddf36b7e8e765e5e5b861d613b3f66a7533febf9e5bd2fbc48395efdab782c1d24ed678e7561cc2cce01caf8d61d6630028a74282185da0a587bdd785575850d4e5f1291099bfcb67a4e030b521cafcfd731bb0ac3e45573e044f8fa6e6c114389e31f5e7fd863769f323752ed1f3b0569fefe69bfd7d323270f2ec63ff35efb1f82dcf61a24bf0248fbe1aa1d5b72cf4cfe430eb5ae35e5d819ec6e8bcb31895e6da0d3dfbf2fac4d1585ba22b6364fce10dc60000e5514010a3275f533f3a139baf112e2641612eef2e6aa93f3ea942772edb327725dfa6845622130a8601c69329d9a6f266e7f3974974dfeb895a93087e8cb18c759ecb72bbadcd93887f13b7b91a5913c6e5d9479e6bae4b6f163ed79d7f34d763aecec1d430a8f5d1a6228fc0176dd5efd4159c5bf9aefd1cec7c4f0b092badeabd993af6ace44d8900f0f3149713336ec79b805a2353486dbe45bb42771c2671981a1755604e062a64d9163026c0d87c3bb7dfc4d7eb919bdccd3547642679ea02385e38b5464b3bd7cfe69bb80b9e3c4d34569e7d38fbae79a78ebc96ae14bdcd6bb74d6fd1001a0050460504312d790967040c67620e97581f6057adbff8b605dff24b152b0f72d7d2c14df80dde7dcb8f369f989e29e13ed35d8de37cb52bae292b1228ed96671f79af7987cc202acddb641436359d55f9ae1d00f07314521363abe76d134f4ce2dbbae929e2f2626cefa05faa486c88aeed3705b52b98b709b753e99a9e29964df0d435339e635d59de6b3e49d86414067e512608d4f1c0f5c381ab5c3b00e0c729ae39498523b6e9275c5c21174de6753d45be96b649c716c0ee9bfef84386261fa623db18e6c3341b7526769ffb9b2a7cb52d6137e5ac1c98a443f691e39a4f6203bc68ce5068e5128a1ef25d544e65ba7600c04f73fd20266cee493525b80238c6ae1bff7e36f9303679575738e8fa8685bcebc2d2d4cec46df2688c5d23b7cea5df8877099e765d13d466bf75b12912e9c0c0cab18f83ae59f3050779844d396369476b38a65d69b884e7442ff11395e9dacfc7067cd9bdd1000025f1f4cf7fea8bf1754d3ab25687f62f9d89dbca5a0e02f7bbce7afb9bc95a7d8b37eb83c1d2add3b6ebfdcb761ff61c82751024b7d14bf458e13904ebd8a19443f691f79ab7d71bae5fae077affc140fd2fca5d6b6abddb3edc476449dc5ac39ed7f65cb3ae35a99cd79e30e9987df9ae5b4b5e7bc8ac8fec3bef3d01005c5721cd497ad8775530b8475baab0490d216fbb5a2bb11a97f05bfcb676c6d24d16e9dc0bbd5f553029c96ff90ff23a73bd69426628fbb077931576f70ebb7fc7e5db47de6baef75eb7e7efcb6dd94b77574e9c8fa28f931c9dff7465bbf673b0c9e2e1b8430080122ba226a60cb2be8567497e3bd70eddc779e5ac8dd8c3770d934ede9a98dbbb76b552adf3d5ba51130300655360626fb5447b4add365d139137a9f9f6f8e7c8fad9f70400ca8a2026afd64826659ce1381c7b25ef982b4e3897516a3a80e9872c062fb1e6a0d23af7b59b39b282f44ce555ba2700f08310c41ca0359a48e7d6673856c1da69730f55d7f4ad2f32f8939e5ee007df130028b39ace89f9f7efbfdc430000806aa0260600005412410c0000a824821800005049150d6256326cd6ce3c79a09e9ec0f65ad14bbcc38bfe5dd326f4ba61f49b2ebb77356caaedddef9cb0f78b59bce7e8ceffc05e355bf6f9e1391cebf2e7a9e4b85fe5177f6fc4ef87bb4791df276f57ec3ed7e2d33494dfae6b8fb2dbe5bd76bdfed4f72f00fcb89a185b88a60b9269373abf527cde1cf3bbd4d8217e7aff6ddd4d77e92639d4dd80539fec6fd29f7bbaf2e666e7489abf7f7a028f7cae739ee596f55ec84f07306eaea888713b5d9897cde9d71ea50398acf9c9fc5a2f0391fef36df7f4037071150d62f4d0faaaf09df50e1e1a7ef99528710c3b4bb64847266686e5d9366099766d619fab20773338074f62674368c98b1e6e7ffc11292c54c1f77b2c81af2bef01cc2498999352ee73bdf32c33ff7b610733a5c276aa84d5f0d90630e17abd4cecc409e3f63640d0d32ee8dfb95f95c2a9d7be616adab20398cc6baff7e4b58ce32e01a8147262a2827b494e5c9c1ac1b57e277a52eb07377cab9d513b1ccd7529a66c78b84b045791399b4ced46475e4f8d0c5abf54c83596d884ddb95df13c77deaf2a7381a00e7ca3c1746be4e6893af6b5a90ad7ccd4e8cb5c54903f383c4233a360dffab84b002eaa9020c6b693db6faabbf305b63919b6fa5b6fa3f329dcfa4d1e47e4b1cbc108f7b96d77b7dbd8515ac7d2d6bfd775fed3aedace35092447803523b8aa62ea57f4db6738f9a4d3b8976013fcb8df45262fb4df78c3423bacddd83ffa6bfcbee825796f5a62ca80584999e73e68d73ccf5df72bbffcef196bf77965bc17c2fb977abfe9ed925c20e8b9161ba8e9dbeb7de2c1ca77ed5bc160696b2eefdc8a4398403c5e1b638f5db59c29004529b426e6437dd8c6877ed71faa9e0fb0c56f790e130f364d201e3a0831df0cb7e6fdc6d10984abcf77f32d339a1fa38a28d394b5a955aff764b6f9266e7355b6732cd91991c319b86df3c3feda0d5d08a586c4f7dc9b868e0e7cb33defbd0fd73ccf5df7eb7079de3379ef5fa63cefb7d5b79816c8546d96a20335f563fe755c635f96d25cbba1678c5f9f3892b10dc4e3cd980070802266b1b6b307eb253e33f0667d279c5778b91e04769dfac6e7d6696efd6616e3ed76dbe7aab58320b5ce1e2339fb72727f967fdbfdb6d7a796cdb1edcccbf1ebf071333447ced930b32b279ebf1cac83d83dcc7f1fb4ab9de7196ccf75df7b26ff79a55fdfacf79bdb67f4fd61ee7dd675facf217dbc7c4a77ed3eee18c94387b2aeddbe3799211cc0710aac89d13d632209b44a6bb414f541eaf966963737a3239348e261bdf7aad628beda8abd5cb2ef114d1f6132a3593649a0bfd5f7e1f03ae2dd56bd3545e376bcdb736b64f617fbe66bf24de692fec29fef3e5ced3ccfe680f7cc49e795f7fd764db779edb6e9cdf71e0680fd0a0c627cc99dae99239a60aae50d2452db25f2310a3395b7fe5c7d411e494b152dc3665bc6616f0ff5155537f5846938aac4b13d85b43047275cb61b39bebc18e5e8fb70a9f33c973cef99339cd70181abb7c9286c6a3aabf25d3b00148dde4957606a375430607a69af3ec5f66e7eb4b914ad17f36d3a1a88d47b33f5cd79626b4fa292dfb015dbc3e33c3905973ccf6bbaca79b95e57de5abee597c9470ae2c9545751d6d704002ea1c0202651db6284dd567ddf3aabcad56ebcc69359c32ec71ba9c2d0264e6e9a7bc28269938ceb982452dfbd3cd485cff32c0e79cf5cfabc5ced9667ac9e951d74287def4e52a66b078072283088994bbf11ef223aedbaaeceae97cce5e429f4eb629beb8f1d50ce32a3fd86b51b11a9eeb7612f97b06b74aafa3fa349a8fe284fc15cde4f2c9d2e7e9e6791e33d73f0791d1b00864d396369476b38a65d69d8139258cffc9395e9dacfc7067cc91e8000904fa189bd41a0bb7eaa0f5db7d8aea1f1a4d47333dd924d81e0fbb08fb3db9ef041af0a1533ce4cb476c3041dea0cc22903cca072ba1c72d76c4632553f75f57fe4de6cc6b2494d7f6083ad93baf35ee53cfd0e1b1724c77be680f33ae4bde053effdb189b5d1fc13d7bfd9e615ed56e56b3f17333e51a42b37e3c4003844a189bdaf33d7bb22649248f77ff89f62d35347dbd36ba9fef8a48a8ee36b39a66f7d99a76a37f4b829133b57912e605449140c96db715414dd6bc88efa1ad799acd3c3be2ba7e6c55ceb3c4f97ef3d93f7bc0e792ff8e97b94381f451fe7fc975fb66b3f073b3ed126ef0a000e55dc3831878f97510473aefbc6c8c049269dfde38414fb9ec93956ca1ebe6bf8c9d7ae56aa75e9ebcf734f0040a377d21ea6968384c80bd2dfc66f2991fb103ff9dad5d527e725337ef63d01701882987d5a239930dbeee54c3f6431d83f475329844d6b07e690847319b97499ad9f7ced260fcb333b7c95ee0980c211c4e4d01a4da4c36cbb97a182c4cb8cee5b013ff8da751e960cfea493bf7ff2fb01c0c16a3a27e6dfbfff720f010000aa819a180000504904310000a09208620000402511c49c959ef9d9f6c608970207430500e0a6553688b1c393c7e79229960e60dcf0ee11e336810c00009750d920c6ccb95222abe1b30d60cc50f07ae660b54cecc0eee37699822d00006e03cd4967b192cf7733c39e4c669149145b23378fcd583e8862000038ab0282189737d29dba26219d3b129db5369d57d28c8d32677f6f470075b3fa9af61af7bce650fd2f2ab93eebf891ed564369661edf6729a66228b897865db151d7534c2b8bc854d8ccd40b00c0e98aab8959fc96e73081249c8adf040fe9bc9279bf71f070e77bf98eafe9e1d51b7d899e823efece4066f52d0bfdf3e12e3d1b6fe35e745dccfc6b691f030080b3282e8899ab3061b0b4b923a6096625c3671b3c04e17ab798d49271db25c8d6a53773eb74f38dde6674c44c2ba9e34774269b63dbe6a07c4148709fac8751ea7762eb62b6eabd99daf72c3de43a0000c8adc09c988ebc464bf1d5a7d8b492496aee94d668293a96189f35b12471fc0d15184582a27aef55ad5116df89662a000050a4e282184ffe88316e6f7251b68b6b623a67209175fcd4fa86dcdbca98bdbcb535615313000038ab026b628e30ff92526696844d46be206bf9659bc87c4d4d0000e068a50b6292f930f165247bb35f52818eeb397451aeb6c61364adbe6d3dccc31d093000009c53798298faa33ca94040f7044a75449a766db352ea170bd9f65cae8bedcd3c96df9b9e44badb745badb9b4ba3cea93d75dbea35dbcd579374c3b58477e1d917b0c0000b295a826a62ebd3f03d31d590fd51fcb893183c2043278d946020d5bf521fdc636b869fdb223e49a2ed9612e8d0a203a7ad30babf7fe98e463d3453b76de3a57395e83c4383100009cae5ccd49f59eccd6b627528c19ca3fde2579d36b480b73513623e43afa79b317b9770f2f4b77fd4e9f7b67b296637a80030080dd6a4ffffcb7fef7efbfdc435ccbb4db94ef17c68a0100e058d5ea9d7433a6f2317e10727d0100381e414c11a61fb218bcecef690500003211c414a1354a8d4a0c00000e43100300002a89200600005412410c0000a8248218000050497b82183d6cbf1b7d363a9c3e000040c1f2d7c4ccfbf2cc38f90000a024f604317a287d3d7bf4c40cf13fff4aced10c0000508c9c35310d31f32d020000940489bd0000a0920862000040251d16c42cbee9a10400004a2167105397c7a7c0f4507a9bba5500000005ca5d1353effd91818a63c6ed9ad4ba44320000a058e4c40000804aca1dc4ac86cfd29f8b0483a5ac472db7160000a018398398957cbeab08463af2daabdb55000000053aac3929b89786fb2f00004091c8890100009544100300002a296710b3942f9d1203000050127b8298950c9b35a9d5da32d60f1fee84b45e00005006f99b9382812ce95a0d00004a624f105397de6c2debb55a663d6a610000406990d80b00002a89200600005412410c0000a8a4028218d7e3a93954ffdb63359466ed9667cd9e4ab7d694e1de1b1175c0fdbb187dde3539ee6539e5b987a8e27db2dbd7a28be7fca7dd9a340f7bd300c04da226a640d36e5bc69d57a9e6745481dc27e6a0580d9baae0edaaa2388b2ea45d77fd1f23e77d3201bbe7deccfbd24804baad978148fff9c0e017006e4f01418cebf1f4d37b3b4dbbd21e073278a950b7f5b066acf65b1681c8fbb3ab2d70550dcb5d23226615d2b7e8e0fbb492e1735fe62ae0192c5d6fc0709974d4efe7d27f8b843cf59ebc7612eb00e007a226a620d30f559c57ad1646159e3353b03ec87cae0ae2a7a52d68778e1fe49a481aae901ee842f9c61d7c9fdc88d8bef743eb45062a1092f147ace6a6f54bddc7f16f6a6300fc687b829870c45e5f13812fe720dc3eb2a4daf4b3721512f90007264de83c81d87163e79c71cc69d76c1bcf2ff06cebb68b2ec99c047b7c7bccf8b978ee9dfaa6fe5bc730bf7c855a322fc277ef43f16dbd79127bcfdd5dafbadfb699436fb32b4f471db33d96ce403769345cbe87dd875aad8ca5adf79178fd82812ec867d2bb732b4e764bf7a925a37dc1607206f9d62fe9246b6800e0a779fae73ff52531db7210acd566ebcec4ad082d076bf50571ad0aa7d863bd6d7ae9acb74f5faed537cbb52ad5d4ff9cace706815d9f3a78dca49378de6609d6dbd3d3d7b17dac6d9ee73997f0bac2ebf72d9b6b57ecbe3aeb8ef75ce2c7f59d8b91790f7df74f1d4bff4c6c1b3da77ce71eeecfdd6bbd44ef47d2a4b3793dccfecdffdd3e22fbcf7ccdf4f3d5eff7bca4bbfd84fb1472f7cbb75df89edbb30700b8597b8318f551b9ee783e44ed07e8b620de0404deeda2ebc3c2202c00b61fecd182255650edfca0f79f5ff8e1bfd9a7dbdf76b36881b22d08e20186db77aaa070eb2385d8e63ab302a5c8f9d975c97dfaef4358c07acf3b5a88a60abbbce79e71ff8fe0bfae849383981f729f8cac73b3e2ef5500f879720431be0fdde4077cf27154f8e11f3edf3d0eb70d83155fa9b6e35be856f8411fd9a797db2edc9739ae2a0026eea77ba2b9d6ccfd440ac6c4f1ec3df215287bae7f23717e99c2fd258fb5eb35d0b2ce3d797ec7bb4e10f343ee53789edef79473f2bd04806acb95d86b9208652c1f61f3fbf4c3f432e9bcba1e46ab6f59a81fc1d3a3a7c7515d1e9f5498a2b6f8cecc1f50cf4df643d54cbbff3e2d7951a58b61baa36e731ae279192d3197b1f8b6b92ecb2f99cb83dcb5eed4bf7379ffd46ba7a2f36d63b3756f7a9ae8a521fd1d1d70d413e52e7503f25dffe61efaee834ff0248fb16335e4dedd868d43ce3d997351563fe13e99f3d13db9746fa55945bbe003c0e5e5eb9de48289b18b624ccf1ab5c69b975a807a6f26ea6b693ae019b76309ba26189bbf8b8e576cefa05f2ab4b185dafc6bb92920b709b753e99a5e3556609253d7fe63954e95cffd9aca759f4cd2b0399f8e4c742234010c0064cad9c5dad576986e9eaeb6c204004e5dd766e8f8e07313306cade4f35d1711be5a8a2d134424b91a9f7c5c0f8fcde20a2117b418ae47c7d77225df2a5ab1dfe65d4d89bab6e1e7bb293cb6318cab719ad87dcef69628beda967cd7bfb987befb708c83cfbd226ef83ee900a6a1ab8182812cd7a3eddf1700c02bf73831f5c72709d4c7fd47d77de8c7aa615c538d6ece4974ad9d765df57c34e889320377a99fe376bc4babae52b77d51770b9b0212c7f5361bb875e3dfcff23e0fe4c9b533d4ef74b1b890771d6c78ce33ac81b27477ddac41dbe6d26fc4bbfaa6afbf2ee670f32f8917c3ee7cd57d885d4ae6f5e593ffdccf654fb3d9c96ef33e6d0298ce24f740902b1d897b460406801f234f62af154978f42645868988be259a9ce8f613dd474697d9a0d3c94efa8db08992194be2b9612f16555a44122bb7e71eef79b2eb9af4b2dd4798d81b4493423ddb6999bd4a32eec3defb6724d7e73df7acfd1d6e7b6fd592f59aed4846cddddbe6e6eed3be73d04bfc3da499f7dc19ce0700aa2a774d8cae41b009aaaaa8f026f0eae69ca51d5d344a7fb3dcd7b66f46384d3c573d6ff672ef1eecd61aad45150ceed1962a1f520388d91a252556e312d6da6c6b672c7d4de9dc08bd5f558028c95a8707799d25aec3d33460cf214c268e30f72179bc6373230e3df7d3d57bafdbe38509d497706bf7e9a066d3906dd6f5ff2d02c0cf50d33531fffefd977b8863e9517adb635d90e6cb6530db2f5480f3d3e7904a98769bf2fd4242eb5e7a84e1f682de4b007eb4036a62704ed19e5208e9da853d09d0302a39f716009c19414c515a2399301371dcf4431683975c35593fda4acfbd55b119d001e00208620ad41a4da4c34cc45b2ab0bb99aee017347deb8b0cfe500b03e0c72327060000541235310000a09208620000402511c40000804a3a208859c9b0e966fa8d4caa0800005084dc41cc6af86ce70002000028819c414c3813732083e53af704750000009772584e4cf024b1a9850000000a42622f0000a824821800005049398398a57c91d40b00004a245f1033fd90b1fa113c3d92d00b00004a616f10b31a36a5d6d6d3fe4f989c0f0000940639310000a092f60631f5de4cd6938ec8b82dcd21e3f402008072c85713d3fa252a8c91f9d7d23e0600002858cee6a486dc07eac7e29b39930000402990130300002a89200600005452ce20a62e770feac7fc4bc88a0100006590bb26a6619262c6d2aed5a4d61c921b0300000a953b88a9f7fec840c7310000002570404e4c5d7ab3b5acd76a99f5987e000000148ac45e0000504904310000a09208620000402595388859c9b059744fa8a9746b35e94edd430000501ad4c4ec15c87dc3fdd7590d9b52ab7555880300008a4210e3b31a4a538f8753fb2d8b40e4fd59ff5f2dae4a66f935373f0100407108627cea3d99e9aee4930799cf55c0f2b4b45dcb472db7010000285a81418ccd3731351c66d9d53c13dfb639f464c94cbb917df9b6733936dda96b0ed2db34c5b72b4b1db33d96ce6020d26fb8bc18bb0fb55a71a317bbda19bbcf5dfb030000e7544c10639a6bda2a0c88d241812f90f992b7667cdbb90a2aa2018a09206c641193dcce58fc96e7be6b0e0a9ee4316bd4bee9878c3b1319f57af26710c8f8233bc4020000d7574010b392e1735f7418110c5c338d5a96664e83b1a46285f958ad1dc8d26db79e74eceaaf702acaa9bc99a0a42393701bb34cd41ab5ddfb67bc77936e1e0a8fbb6be4e1d668d37c54efcddcffeda8c5f614dcf1a2dbac67d26328630000aea280206629262fb6339159a4c4b741c05ad26927810cfe44828dd62f139cc8e2db05272d1999a065a4fea7b966a3544d4fa823af441a000054def58398d5b72cd48f20d96f394baac9a7216642eda84d6f22bd34246c2df20aeed51e000040d51598d87b2e53e9366cf394b66da2b2cd490000e0365d3f88a9dfc983fab1cd6939914ec0553f3a131db8ac634d540000e076155013e39a83c6edf870fe6193506c657ef1de43ba4b76564eccb92ce49beed4000014a68020a62ebd3f03b1714c98c7a216d32414c8e02595d9bb5b98e8ab82a2cdbea201ccfc4bce54e7b3d13051d85cfa0d752cc6890100a010c5e4c498117193392bbacbf2315d9475efa474fe8b6e5eb25da1cf5f6352efbd6e8fb7e925050000aea9f6f4cf7feb7ffffecb3dc429a6dda67cbf30560c0000d77003bd93ca622a1fe307b923800100e02a0862ce65fa218bc18b1b700f00005c1a41ccb9b44674ef0600e08a08620000402511c40000804a22880100009544100300002ae98683183df5402d3eb5010000b8198504317688feae0a338eb3fff9d7983b09000014a9902066f93577ff3bcecee79b892409600000b87537d49c649b8f3613490e92b3290100805b72e5206625c3664ddaa69a642c6d1d7498a4151780ec5c74f351d6f3b782c152d67a22c93bb7c28319a70100a8be1baa89d1b359af19351700801fe2ca414c5d7ab3b54c4c4b4f47262ae8588ff46c43360059ef5c466aabace71fa6de9ba9fd31db34000055764335310000e027294910933727060000c0a2260600005452498298bc3931000000568141cc42be4feae27ceaf3010040951512c434ee03f5ef5cfa8d5a6a9c973c4e7d3ee3c40000507d850431f5deab6cc6d35d7ccba1b1c4a9cf070000d5577bfae7bff5bf7fffe51efe1cd36e53be5f182b060080aafaa1bd93a6f2317e903b021800002aeb670631d30f590c5ee8ed04004085fdcc20a635628e2500002aee873627010080aa23880100009544100300002a892006000054528983183bb3f51103f2e6e49939bb3964e03c00002aa29020c60efbdf556144161d60b465ec1e9dc27bacd5509abefdcffbd2603a0200002aa1902066f93577fff3c80a308e943ed64a86cf7d994b20836562a6ec899ecc602efdb78b55ff00008033295173926bde69b80063b0991de9cc9662e29ace6b7aca81d68b0cf4dc92e38f1db5440000a00cae1cc4ac64d8ac49db54b38ca5ad839644d24b3058ca7a3d93de9d5b91e2c965492dbaf928eb582d19e95a97d18ef17a837b69b8ff32e3350000e554a29a181b5c143a92eef44dfaba96e6e14e18cf17008072bb72105397de6c2d26f5443a32d95723e2e56a52762e23b5d5a1c79a4ad754dba86d23dbd57b33b53f66bb0600a06c4a541353a4b037944ef6d50110000028bb0a063179736272daf486d2010c352e000054c58fae893149bba637946e6e22800100a04a2a18c4e4cd89d94d07300d9dc51b0c6499637b0000502e0506310bf9be5ab7e5f8b136014c6722eb598f9e480000545021414ce35e8f2837977ea3961a27e6dcd2c79aca9be947ad8cdb9e7c1abd6c736a1827060080722a2488a9f75e65331eefe2fba2932ea68e35fd38db94060000a038b5a77ffe5bfffbf75fee217ca6dda67cbf90f80b004099fce8de49f94ce563fc207704300000940a41cc3ed30f590c5ee8bd040040c910c4ecd31a153b9f130000f022880100009544100300002a89200600005412410c0000a8a49205319e19aa9bc38b0e86070000aaa99020c60ee5bf1ddadf580da5596ba747d39df7a571c2b0ffde63010080ca2b2488597eb9b98b3656327ceecb5c02192c1333524ff4a40173e9bf1d1786a48f0500006e41499a939662628dce6b7a68ffd68b0cf41c8ee30f6a530000c0c6958398950c9b35699b36a3b1b475ce8b9959ba25235deb32da312e6e702f0df31f4fde4c6ad1cd4759c70a9b9898991a00802a2b5962afc7f44dfaba96e6e14e1837170000840a99c57adad535241d99ac477be624d2b52e3ad937cfb67ef98f050000aaa4c435316100a3937d09400000405c3983984d776b1dc0cc12c9be7973620000c02d2b5d1063926e1bbabbb56e024a063000000056a982181dc03474166f309065660e8bebc9b473a1f90900805b576010b390ef4817e74d00d399c87ad63b734fa4f8b1000040f51512c434eef5e87573e9376a6eec96a9bc997ed4cab8edc971d1cb71792ee963314e0c0000b7a09020a6de7b153d9980b1f896d5f4435273269d49ea58eebf0000a0da0a1927a60ca6dda67cbf90380c00405595ae77d2754ce563fc20770430000054d6cf0c62a61fb218bcd0830900800afb99414c6b2433da910000a8b41fda9c040000aa8e200600005412410c0000a8248218000050497b8298950c9b6ec4dce69081e200004069e4af8999f7e59971fa01004049ec0962ead29be959a12766e8fef9d7d2ae0600002858ce9a98869879140100004a82c45e0000504904310000a0920e0b6216dff450020000a5903388a9cbe353607a28bd4ddd2a00008002e5ae89a9f7fec840c531e3764d6a5d22190000502c726200004025e50e6256c367e9cf4582c152d6a3965b0b0000508c9c41cc4a3edf5504231d79edd5ed2a000080021dd69c14dc4bc3fd170000a048e4c40000804a22880100009594338859ca974e8901000028893d41cc4a86cd9ad46a6d19eb870f77425a2f00002883fccd49c1409674ad06000025b12788a94b6fb696f55a2db31eb5300000a03448ec0500009544100300002a89200600005412410c0000a82482180000504904310000a09208620000402511c40000804a22880100009544100300002a89200600005412410c0000a82482180000504904310000a09208620000402511c40000804a22880100009544100300002a48e4ff90d049e84015d9150000000049454e44ae426082);
INSERT INTO `questions` (`question_number`, `text`, `image`) VALUES
(4, 'If a char is 1 byte wide, an integer is 2 bytes wide and a long integer is 4 bytes wide then will the following structure always occupy 7 bytes?\n', 0x89504e470d0a1a0a0000000d494844520000015c000000b30806000000c573a4cf000000017352474200aece1ce90000000467414d410000b18f0bfc6105000000097048597300000ec300000ec301c76fa86400000b7849444154785eedddbd76a25c1487f19df75a3445d65c015e81a6992a6d3a2db54937e5746948a95ddaa9d244ae40afc095227a2fbee71c0e0610043fb255f2fcd66269180432c53f87cd917db3360400f0edfef3af00806f46e00280120217009410b800a0e42481bb7ae9c8cdcd4022ffb3a6731e1b00f67192c05d7eccfd3b7de73c3600ec8392020028a90cdc6870632ed9d34bfaf27d252f9d1be94decfb89f4ecbf0fecbfc6ebedfbf892df7eae232f2bbfbef362b6482b5b1fc960ef63efe28f93da67e7257b44f30bc7ff96db57f2ff5079080028b133706dc8c4819666c3cd86a7ff7197c55f791cf94bfee041ee5bf1db5a562fd2b9e999a3a5d9631f58af75fb6b4b723a89f9a89d0dd7ee58a67df33ae97d85ab0961f7ffd09fcab81baf0280bdd96f9a159bae4deeac4dc8f89fbd69df7e336d1d844bbfc2ae32db49df7c22b15c87815d97dd6eb33e08cdbbb4fcfae2cf2fc3c0ad4b9fd2f6b18b949d4ff2f9ec3e37bfbb3b9ff47b00385c750dd78cf43297fa6604683e27b3619de16a5ffed4da2e6f29ee5e981951a68fd31acedcb1f71e65aedee55fc1feacee7829268c65f2961e3777656c87b9f391b4dd283b90f0752887fc260090d811b85d79b24964b9e049d53eeb1632833b69fbb77b597dcac2bc0477077dba9cfde391fe3ddce2cb0c8bcf6cfd38292d1841f82a07fddd0080949d23dc78443935e3d49cfca8b709e61f665c9db6924f9bfac67cf4cc3c5f0047ab2e29d8cb6b73196f2fe5e3c507f0fc9fbc1f9ab85be1e64b0889d6adfc322ff38fec56c70ac265eaf7c82f63f39b7e59bd3c9a916f20e134944026f2b7d65d420028571eb8eeae7e51f9a02d77bed290b590cfca4c6ac9ad4dd24c80d9a95af9d908fe18e9990256e939551cbb752f0f667f7646c2d6478ba68199e3b8d915fd3f32ec0ee58f2be73ed69b99010065cce8ae547207bf7049ddd64f660f7cad2f9b8d60f8590e9925e8affbf9ed97e1da64e4f6b612acd3130db68f5da2747f7649ef3399d1909ef9c04c0500c7db19b85626d0fcb29d6b3e90ece2426947e01a997deedc3eb55fb7144dffca1f7b97afe9619b25f799a2a9674ec1743800d8071d1f0040498d9b660080532070014009810b004a085c005042e00280120217009410b800a0a446e0a6ba2434ed813500a0a83270e387b8f81f000007ab08dc95bcbb277707122ed7b29ef1106e003854bd1aeebefdc800005bb86906004a085c00505211b8b94e0c008083ed0edce8cd7562081eeeb9590600472a0ddcd54b476e7a266e0b5a8b0300f6470d1700949406ae6b913eedbb468e1dba2702c0d1768f70bbbf5d4bf453b72b07809fa8a2a4e0db952f3e798602001c891a2e0028217001404945e0b6e4f69779997f08555c00384ee508b7ed8ab813e9f13c5c00384a65e0b686af12dacc05001ce5666df8f700806fc44d33005042e0028012021700945c60e0fa2ec1173d23e21ace11c0a561840b004a085c005042e002809233046e2403fbadb5cd32306bca64b72d7c2e6f3448edab683b5f6f1d4471170bb74d47763fe2f774e7181fb3ea78007e02ddc05dbd48e7a6e7faa47db15f1b2e0ab40f79ee64b79d8fda9940dbb401cac96fe72cfecae3c877c40c1ee4beac6bd089cf1100128a816b469a8f23b19117844bb15f70b3cbd27d6f78226ff9349b4fccda50967e3bd77dc2aede3c0c3d926717a07d9926dbb8651a3f34fddf7b7606c1dc6c9b1c77362c698a79ea73f49d33d633a12d1c001b144aa66b13476be99b78dc69b936f9b63691b70e4d927df19f0f42b34591e4737ed96c97acef9b3d54f9ee7304f093e98d70579fb2302fc15d3bfeb9cad665bfef3e91e62eff93fa695b928a41a1e0ceeca1c2779c230078573c4b2192413bbefcb7be4a00714901002e8d5ee0b66e257e96f9891e651ebdb99b55e6eadf05edec1445d2539f2300a4288e70fde5f6a42783f4cda7a42c905959df247327cb4ed1cacf30d8c7f79c2300588a81db92e16b28719e257557b3b8b24020e15337deac2edfc2dd86e3665fe9b03da82dd089cfd1601e2e80846e0db73594d9568dd54eeb3a64da5457c605f55a5b628867672de4f390903be93902c0173a3e2888061df97c22b0819fee8a67295c8b48de26bfe496b0057e3c02f7bb456fb2089f64ffea2f80a6a1a400004a18e10280120217009410b800a084c00500258a81fbdd9d6ee9a40be0b25dc50837fe7aecae36370070f9ae625a5834b891dec47ebd76cc7c5600578b1a2e002839630d37f573a67343baf36dbc4ddc27d2367234ff5efa88c4ed1a2e4fea027049ce3fc29d8fa49deadc60d1f91640135d4649a13ff5ed71920eb949d785960c67c9e3167d77de71fd2a2e1d73015c920b085c13a4a9106d0dffc4cfa25d7c6e4a0300d004e70fdcad6eba74be05d04c97515200801f80c00500255714b807f62803800b711581db7645ddb98cdabbe6e16e631e2e804b721581bb99b960317b01c0956a7c8b1d3ae602b8140dbf6946c75c0097a3d9814bc75c001784aebd00a0a4e1250500b81c042e00282170014009810b004a1403f71abaea5ec33902b8568c704f84cec200aa10b819718789f56c68deed67f9916e120400db085c0050720181ebeba6a9aebddb35d4546db5b4c36f5a2483d436ee896151fcb9ddcd29f335dc3ac78db7a9d759d88b06a973cbef2fc693ce80e6396fe0ba106bcb287f356e3bf916d543eb74f875fbec99e84b9bcba897fddc5e4ed859d805699cce19742a069aefac811b3dfb104b75edb54bdca5d78c168b468aa51d7e2d33da7c8cf71984cbaf7d2e4339ba4dda493a0b47f2ecfebaf8ed36cbd43d7e72feefdd8face9380c34d11903d73ec9cbbc04a12c7301d51d2fc565dae42d37caade8f0bb7a977f2ecfa6324b27556b28b338110f74aacec25d19bb801dfb07eaf892c5d6881c40139d2f70579fb2302fc1c37dc18c8096dc3fd8c4cdb5d5a9eaf0bbfc70a3dbfeef821166fbeef051ee293b0b676ac105e514008d750137cd7e924806a95af057d9232e290068b6f3056eeb567e999774ddf2cb4ade5d6d60cf8787fb51ece4ada0f6eb47bf6715bdb9d2417f1ad76e33650f008d77c6116e577ebb3b452369e76e8e45037fa9ddffbddfc3c35bf7e22a1193def6cc85829901a757afb370f60f829dc2460d17f809ce5a52e88efda5b409c8643eaa5de26c0c247cda2b6e8d960c5fe31909769ad5669fb9295ddfa15667e1eeef82df3715b6f30fd9ccb7601e2ed03867aee1dabbf67e46429a9b8275e094283b2361ab266ac27b7a82a9613bd4eb2c6c7fdfed7aad2d31c49328ea8d90015ca79fd362c79615cc4857c2e5d5d44ee9380c344bc36629f8aff46e7d3538991d10c8c3fdb5a4171d8781a669dc08371a2435e002b65451fa2db00b130da4f3f9c44c06a0411a5952b0379cdab96f14d83ae9b5642d80663a49e0dabbed0dcc6d0038a986d57001e07211b800a084c005002525819b3c36b0688a1500e010d523dcf9481ef97e29001cad24707df7daa413c1a6a30200e0501523dc231eb40d00c838e8a6194fb20280fd1d14b80080fdd50bdcdce306e9280b00fbab085cdfcc713e92e792676a0300eaa91ce1b686afee01e193de4d7927030040256ab800a0a43270572f8faea1a36be9cdf30d01e06015819bb42befcb1fee9001c051ea9514823b69fbb716f37001607fd4700140c941816be7e1c66dbd0100755504ee523eb2adc13c3aca02c0be4a0237791e6e4f5c03dc5fb792c9d6e84d16e19330670100eaab2e2904a12cf3d3c1ba63da7703c09e1ad9261d002e11b314004009810b004a085c005042e00280120217009410b800a084c0050025042e00282170014009810b004a085c005042e00280120217009410b800a084c0050025042e00282170014009810b004a085c005042e00280120217009410b800a084c0050025042e00282170014009810b004a085c005042e00280120217009410b800a084c0050025042e00282170014009810b004a085c005042e00280120217009410b800a084c0050025042e00282170014009810b004a085c005042e00280120217009410b800a042e47fc8cda9f564a749aa0000000049454e44ae426082),
(5, '\r\nCan a structure can point to itself?', ''),
(1, 'What will the function randomize() do in Turbo C under DOS?', NULL);

-- --------------------------------------------------------

--
-- Table structure for table `questions_2`
--

CREATE TABLE `questions_2` (
  `question_number` int(11) NOT NULL,
  `text` text NOT NULL,
  `image` blob
) ENGINE=MyISAM DEFAULT CHARSET=latin1;

--
-- Dumping data for table `questions_2`
--

INSERT INTO `questions_2` (`question_number`, `text`, `image`) VALUES
(1, 'Which of the following type of class allows only one object of it to be created?', NULL),
(2, 'Which of the following is not a type of constructor?', NULL),
(3, 'Which of the following statements is correct?', NULL),
(4, 'Which of the following is not the member of class?', NULL),
(5, 'Which of the following concepts means determining at runtime what method to invoke?', NULL);

-- --------------------------------------------------------

--
-- Table structure for table `questions_3`
--

CREATE TABLE `questions_3` (
  `question_number` int(11) NOT NULL,
  `text` text NOT NULL,
  `image` blob
) ENGINE=MyISAM DEFAULT CHARSET=latin1;

--
-- Dumping data for table `questions_3`
--

INSERT INTO `questions_3` (`question_number`, `text`, `image`) VALUES
(1, 'Suppose that you would like to create an instance of a new Map that has an iteration order that is the same as the iteration order of an existing instance of a Map. Which concrete implementation of the Map interface should be used for the new instance?', NULL),
(2, 'Which class does not override the equals() and hashCode() methods, inheriting them directly from class Object?', NULL),
(3, '	\r\nWhich collection class allows you to grow or shrink its size and provides indexed access to its elements, but whose methods are not synchronized?', NULL),
(4, '	\r\nYou need to store elements in a collection that guarantees that no duplicates are stored and all elements can be accessed in natural order. Which interface provides that capability?', NULL),
(5, '	\r\nWhich interface does java.util.Hashtable implement?', NULL);

-- --------------------------------------------------------

--
-- Table structure for table `score`
--

CREATE TABLE `score` (
  `srno` int(10) NOT NULL,
  `scores_1` int(10) NOT NULL,
  `scores_2` int(10) NOT NULL,
  `scores_3` int(10) NOT NULL
) ENGINE=MyISAM DEFAULT CHARSET=latin1;

--
-- Dumping data for table `score`
--

INSERT INTO `score` (`srno`, `scores_1`, `scores_2`, `scores_3`) VALUES
(11, 0, 0, 0);

-- --------------------------------------------------------

--
-- Table structure for table `studentdb`
--

CREATE TABLE `studentdb` (
  `srno` int(10) NOT NULL,
  `Name` varchar(50) NOT NULL,
  `EmailId` varchar(30) NOT NULL,
  `username` varchar(20) NOT NULL,
  `password` varchar(20) NOT NULL,
  `department` varchar(20) NOT NULL
) ENGINE=MyISAM DEFAULT CHARSET=latin1;

--
-- Dumping data for table `studentdb`
--

INSERT INTO `studentdb` (`srno`, `Name`, `EmailId`, `username`, `password`, `department`) VALUES
(14, 'ganesh jadhav', 'gj4444@gmail.com', 'ganu', 'ganesh3530', 'IT'),
(15, 'Vivek Chavan', 'dragonvivekchavan@gmail.com', 'vivya', 'vivu', 'IT'),
(16, 'Shubham yewale', 'yewaleshubham@gmail.com', 'shubham', 'shubhi', 'IT'),
(11, 'ajay pisharody', 'ajaypisharody715@gmail.com', 'aje', 'aje', 'IT');

--
-- Indexes for dumped tables
--

--
-- Indexes for table `advance_java`
--
ALTER TABLE `advance_java`
  ADD PRIMARY KEY (`question_number`);

--
-- Indexes for table `choices`
--
ALTER TABLE `choices`
  ADD PRIMARY KEY (`id`);

--
-- Indexes for table `choices_2`
--
ALTER TABLE `choices_2`
  ADD PRIMARY KEY (`id`);

--
-- Indexes for table `choices_3`
--
ALTER TABLE `choices_3`
  ADD PRIMARY KEY (`id`);

--
-- Indexes for table `choices_java`
--
ALTER TABLE `choices_java`
  ADD PRIMARY KEY (`id`);

--
-- Indexes for table `management`
--
ALTER TABLE `management`
  ADD PRIMARY KEY (`question_number`);

--
-- Indexes for table `questions`
--
ALTER TABLE `questions`
  ADD PRIMARY KEY (`question_number`);

--
-- Indexes for table `questions_2`
--
ALTER TABLE `questions_2`
  ADD PRIMARY KEY (`question_number`);

--
-- Indexes for table `questions_3`
--
ALTER TABLE `questions_3`
  ADD PRIMARY KEY (`question_number`);

--
-- Indexes for table `score`
--
ALTER TABLE `score`
  ADD PRIMARY KEY (`srno`);

--
-- Indexes for table `studentdb`
--
ALTER TABLE `studentdb`
  ADD PRIMARY KEY (`srno`),
  ADD UNIQUE KEY `username` (`username`);

--
-- AUTO_INCREMENT for dumped tables
--

--
-- AUTO_INCREMENT for table `choices`
--
ALTER TABLE `choices`
  MODIFY `id` int(11) NOT NULL AUTO_INCREMENT, AUTO_INCREMENT=93;
--
-- AUTO_INCREMENT for table `choices_2`
--
ALTER TABLE `choices_2`
  MODIFY `id` int(11) NOT NULL AUTO_INCREMENT, AUTO_INCREMENT=21;
--
-- AUTO_INCREMENT for table `choices_3`
--
ALTER TABLE `choices_3`
  MODIFY `id` int(11) NOT NULL AUTO_INCREMENT, AUTO_INCREMENT=21;
--
-- AUTO_INCREMENT for table `score`
--
ALTER TABLE `score`
  MODIFY `srno` int(10) NOT NULL AUTO_INCREMENT, AUTO_INCREMENT=12;
--
-- AUTO_INCREMENT for table `studentdb`
--
ALTER TABLE `studentdb`
  MODIFY `srno` int(10) NOT NULL AUTO_INCREMENT, AUTO_INCREMENT=17;
/*!40101 SET CHARACTER_SET_CLIENT=@OLD_CHARACTER_SET_CLIENT */;
/*!40101 SET CHARACTER_SET_RESULTS=@OLD_CHARACTER_SET_RESULTS */;
/*!40101 SET COLLATION_CONNECTION=@OLD_COLLATION_CONNECTION */;
